date,store_name,machine_number,machine_name,games,diff,bb,rb,art,total_rate,bb_rate,rb_rate,art_rate,graph_max,graph_min,graph_drawdown,graph_points
2026-08-22,YASUDA7,1,邪神ちゃんドロップキック,7201,7138,31,21,,138.5,232.3,342.9,,8275,18,1468,165
2026-08-22,YASUDA7,2,邪神ちゃんドロップキック,5118,-3798,19,7,,196.8,269.4,731.1,,-9,-3807,3798,176
2026-08-22,YASUDA7,3,邪神ちゃんドロップキック,5826,-2018,24,11,,166.5,242.8,529.6,,0,-2101,2101,176
2026-08-22,YASUDA7,4,邪神ちゃんドロップキック,6088,-2298,25,9,,179.1,243.5,676.4,,0,-2303,2303,176
2026-08-22,YASUDA7,5,邪神ちゃんドロップキック,7559,11136,32,25,,132.6,236.2,302.4,,11409,-227,727,175
2026-08-22,YASUDA7,6,戦国コレクション6,974,-459,5,2,,139.1,194.8,487.0,,0,-1023,1023,176
2026-08-22,YASUDA7,7,戦国コレクション6,3264,-1977,19,8,,120.9,171.8,408.0,,0,-2445,2445,176
2026-08-22,YASUDA7,8,戦国コレクション6,2240,-1298,7,4,,203.6,320.0,560.0,,-5,-1963,1958,176
2026-08-22,YASUDA7,9,戦国コレクション6,3909,8164,38,14,,75.2,102.9,279.2,,9473,-673,1382,175
2026-08-22,YASUDA7,10,戦国コレクション6,4244,11182,52,20,,58.9,81.6,212.2,,11136,-545,545,175
2026-08-22,YASUDA7,11,マギアレコード 魔法少女まどか☆マギカ外伝,5555,2697,29,41,,79.4,191.6,135.5,,5119,18,2624,165
2026-08-22,YASUDA7,12,マギアレコード 魔法少女まどか☆マギカ外伝,6355,-1028,36,35,,89.5,176.5,181.6,,0,-2261,2261,176
2026-08-22,YASUDA7,13,マギアレコード 魔法少女まどか☆マギカ外伝,4805,3000,24,47,,67.7,200.2,102.2,,3082,-382,2509,176
2026-08-22,YASUDA7,14,マギアレコード 魔法少女まどか☆マギカ外伝,3399,13591,22,77,,34.3,154.5,44.1,,13545,-636,636,175
2026-08-22,YASUDA7,15,マギアレコード 魔法少女まどか☆マギカ外伝,4887,3294,29,55,,58.2,168.5,88.9,,3294,-1193,1184,176
2026-08-22,YASUDA7,16,いざ！番長,1345,486,14,8,,61.1,96.1,168.1,,868,-236,504,176
2026-08-22,YASUDA7,17,いざ！番長,4021,-156,41,11,,77.3,98.1,365.5,,1830,-945,2394,176
2026-08-22,YASUDA7,18,いざ！番長,494,-618,1,0,,494.0,494.0,,,0,-623,623,176
2026-08-22,YASUDA7,19,スマスロ北斗の拳,4413,5909,89,11,,44.1,49.6,401.2,,5891,-618,855,175
2026-08-22,YASUDA7,20,スマスロ北斗の拳,2411,-945,21,6,,89.3,114.8,401.8,,0,-2307,2307,176
2026-08-22,YASUDA7,21,スマスロ北斗の拳,2151,-741,16,5,,102.4,134.4,430.2,,0,-1427,1427,176
2026-08-22,YASUDA7,22,スマスロ北斗の拳,6746,3391,92,26,,57.2,73.3,259.5,,3400,-909,1518,176
2026-08-22,YASUDA7,23,スマスロ北斗の拳,4203,-473,41,10,,82.4,102.5,420.3,,0,-2727,2727,176
2026-08-22,YASUDA7,24,北斗の拳 転生の章2,2225,-95,21,6,,82.4,106.0,370.8,,9,-1195,1195,176
2026-08-22,YASUDA7,25,北斗の拳 転生の章2,1205,972,18,6,,50.2,66.9,200.8,,1642,5,674,167
2026-08-22,YASUDA7,26,北斗の拳 転生の章2,689,-405,5,1,,114.8,137.8,689.0,,0,-905,905,176
2026-08-22,YASUDA7,27,北斗の拳 転生の章2,884,-1059,2,2,,221.0,442.0,442.0,,0,-1064,1064,176
2026-08-22,YASUDA7,28,北斗の拳 転生の章2,1385,-900,9,2,,125.9,153.9,692.5,,0,-1127,1127,176
2026-08-22,YASUDA7,29,化物語,2936,132,31,13,,66.7,94.7,225.8,,2064,-259,2187,178
2026-08-22,YASUDA7,30,化物語,1196,-1441,3,3,,199.3,398.7,398.7,,0,-1445,1445,176
2026-08-22,YASUDA7,31,化物語,3411,-2882,18,10,,121.8,189.5,341.1,,0,-2891,2891,176
2026-08-22,YASUDA7,32,化物語,3576,-1560,27,13,,89.4,132.4,275.1,,-9,-3055,3046,176
2026-08-22,YASUDA7,33,化物語,1788,-1743,7,3,,178.8,255.4,596.0,,-5,-1748,1743,176
2026-08-22,YASUDA7,34,モンキーターンV,1058,-227,11,5,,66.1,96.2,211.6,,391,-314,623,176
2026-08-22,YASUDA7,35,モンキーターンV,1660,32,13,5,,92.2,127.7,332.0,,959,-1168,1168,176
2026-08-22,YASUDA7,36,モンキーターンV,1767,-1236,14,7,,84.1,126.2,252.4,,0,-1314,1314,176
2026-08-22,YASUDA7,37,モンキーターンV,4524,1309,53,24,,58.8,85.4,188.5,,1386,-150,868,176
2026-08-22,YASUDA7,38,モンキーターンV,2890,-236,33,8,,70.5,87.6,361.2,,341,-1350,1691,176
2026-08-22,YASUDA7,39,モンキーターンV,4122,-27,52,20,,57.2,79.3,206.1,,277,-1059,1059,176
2026-08-22,YASUDA7,40,モンキーターンV,4068,2431,59,14,,55.7,68.9,290.6,,3468,9,1762,167
2026-08-22,YASUDA7,41,戦国乙女5 業火を穿つ宿焔の双刃,6181,-4872,39,10,,126.1,158.5,618.1,,0,-4881,4881,176
2026-08-22,YASUDA7,42,戦国乙女5 業火を穿つ宿焔の双刃,4909,-5455,21,2,,213.4,233.8,2454.5,,0,-5473,5473,176
2026-08-22,YASUDA7,43,戦国乙女5 業火を穿つ宿焔の双刃,5046,400,64,22,,58.7,78.8,229.4,,2691,-936,2300,176
2026-08-22,YASUDA7,44,戦国乙女5 業火を穿つ宿焔の双刃,4995,798,44,15,,84.7,113.5,333.0,,4495,9,3706,168
2026-08-22,YASUDA7,45,戦国乙女5 業火を穿つ宿焔の双刃,4271,-509,49,18,,63.7,87.2,237.3,,2782,-518,3300,176
2026-08-22,YASUDA7,46,戦国乙女5 業火を穿つ宿焔の双刃,6228,-3367,54,17,,87.7,115.3,366.4,,-9,-3670,3661,176
2026-08-22,YASUDA7,47,戦国乙女5 業火を穿つ宿焔の双刃,3796,159,42,12,,70.3,90.4,316.3,,1382,-745,2127,176
2026-08-22,YASUDA7,48,戦国乙女5 業火を穿つ宿焔の双刃,4534,3082,49,18,,67.7,92.5,251.9,,4527,-718,1454,176
2026-08-22,YASUDA7,49,戦国乙女5 業火を穿つ宿焔の双刃,5281,3527,84,31,,45.9,62.9,170.4,,4236,-1709,2182,175
2026-08-22,YASUDA7,50,戦国乙女5 業火を穿つ宿焔の双刃,5485,128,56,19,,73.1,97.9,288.7,,2092,-1110,2073,176
2026-08-22,YASUDA7,51,攻殻機動隊,2527,941,19,7,,97.2,133.0,361.0,,1332,-1027,1468,176
2026-08-22,YASUDA7,52,攻殻機動隊,5446,-1018,29,24,,102.8,187.8,226.9,,651,-1784,2435,176
2026-08-22,YASUDA7,53,攻殻機動隊,5079,-4422,18,20,,133.7,282.2,253.9,,440,-4431,4871,176
2026-08-22,YASUDA7,54,攻殻機動隊,3325,-3734,9,15,,138.5,369.4,221.7,,-9,-3743,3734,176
2026-08-22,YASUDA7,55,攻殻機動隊,5373,-1954,27,22,,109.7,199.0,244.2,,720,-1959,2679,176
2026-08-22,YASUDA7,56,攻殻機動隊,3138,4818,26,13,,80.5,120.7,241.4,,5345,-764,946,175
2026-08-22,YASUDA7,57,攻殻機動隊,3130,-1477,14,13,,115.9,223.6,240.8,,165,-1509,1674,176
2026-08-22,YASUDA7,58,甲鉄城のカバネリ 海門(うなと)決戦,5281,-355,57,24,,65.2,92.6,220.0,,618,-1291,1909,176
2026-08-22,YASUDA7,59,甲鉄城のカバネリ 海門(うなと)決戦,2696,-1431,24,9,,81.7,112.3,299.6,,-5,-1775,1770,176
2026-08-22,YASUDA7,60,甲鉄城のカバネリ 海門(うなと)決戦,4658,294,51,22,,63.8,91.3,211.7,,3275,9,3147,168
2026-08-22,YASUDA7,61,甲鉄城のカバネリ 海門(うなと)決戦,4532,5982,88,20,,42.0,51.5,226.6,,5964,-455,1219,175
2026-08-22,YASUDA7,62,甲鉄城のカバネリ 海門(うなと)決戦,4052,7891,81,19,,40.5,50.0,213.3,,8309,-218,1073,175
2026-08-22,YASUDA7,63,甲鉄城のカバネリ 海門(うなと)決戦,5038,-2636,40,19,,85.4,126.0,265.2,,491,-2855,3346,176
2026-08-22,YASUDA7,64,甲鉄城のカバネリ 海門(うなと)決戦,6093,-1583,55,28,,73.4,110.8,217.6,,-5,-1752,1747,176
2026-08-22,YASUDA7,65,甲鉄城のカバネリ 海門(うなと)決戦,5928,-1651,55,24,,75.0,107.8,247.0,,110,-3477,3587,176
2026-08-22,YASUDA7,66,甲鉄城のカバネリ 海門(うなと)決戦,5166,-2509,42,25,,77.1,123.0,206.6,,1391,-2518,3909,176
2026-08-22,YASUDA7,67,甲鉄城のカバネリ 海門(うなと)決戦,5083,3101,72,22,,54.1,70.6,231.0,,3138,-1202,1193,176
2026-08-22,YASUDA7,68,甲鉄城のカバネリ 海門(うなと)決戦,3418,6073,69,14,,41.2,49.5,244.1,,6345,-145,1800,175
2026-08-22,YASUDA7,69,甲鉄城のカバネリ 海門(うなと)決戦,4947,2229,56,22,,63.4,88.3,224.9,,3560,9,1597,168
2026-08-22,YASUDA7,70,甲鉄城のカバネリ 海門(うなと)決戦,1413,-1486,5,3,,176.6,282.6,471.0,,0,-1486,1486,176
2026-08-22,YASUDA7,71,甲鉄城のカバネリ 海門(うなと)決戦,3628,5109,67,20,,41.7,54.1,181.4,,5673,-673,1182,175
2026-08-22,YASUDA7,72,甲鉄城のカバネリ 海門(うなと)決戦,3457,1592,48,16,,54.0,72.0,216.1,,1633,-830,940,176
2026-08-22,YASUDA7,73,甲鉄城のカバネリ 海門(うなと)決戦,2666,659,37,8,,59.2,72.1,333.2,,2441,-236,2114,178
2026-08-22,YASUDA7,74,甲鉄城のカバネリ 海門(うなと)決戦,4673,-2092,41,27,,68.7,114.0,173.1,,0,-2339,2339,176
2026-08-22,YASUDA7,75,甲鉄城のカバネリ 海門(うなと)決戦,5205,-2615,40,17,,91.3,130.1,306.2,,-9,-3138,3129,176
2026-08-22,YASUDA7,76,甲鉄城のカバネリ 海門(うなと)決戦,2474,-400,25,14,,63.4,99.0,176.7,,0,-1405,1405,176
2026-08-22,YASUDA7,77,甲鉄城のカバネリ 海門(うなと)決戦,5219,110,59,21,,65.2,88.5,248.5,,1844,-1486,1899,176
2026-08-22,YASUDA7,78,ストリートファイター6,1947,-2133,5,5,,194.7,389.4,389.4,,0,-2138,2138,176
2026-08-22,YASUDA7,79,ストリートファイター6,1765,-150,14,6,,88.2,126.1,294.2,,550,-768,823,176
2026-08-22,YASUDA7,80,ストリートファイター6,1704,-1697,5,4,,189.3,340.8,426.0,,-5,-1867,1862,176
2026-08-22,YASUDA7,81,ストリートファイター6,1876,-700,10,6,,117.2,187.6,312.7,,0,-1127,1127,176
2026-08-22,YASUDA7,82,ストリートファイター6,2433,-1491,11,5,,152.1,221.2,486.6,,0,-2362,2362,176
2026-08-22,YASUDA7,83,ストリートファイター6,2058,641,19,6,,82.3,108.3,343.0,,659,-1373,1468,176
2026-08-22,YASUDA7,84,ストリートファイター6,1881,273,15,6,,89.6,125.4,313.5,,1050,-227,1277,176
2026-08-22,YASUDA7,85,ストリートファイター6,2192,-618,14,8,,99.6,156.6,274.0,,14,-927,941,176
2026-08-22,YASUDA7,86,スマスロ炎炎ノ消防隊2,6060,4145,52,14,,91.8,116.5,432.9,,4673,-482,1055,176
2026-08-22,YASUDA7,87,スマスロ炎炎ノ消防隊2,7980,-1229,47,23,,114.0,169.8,347.0,,96,-1693,1789,176
2026-08-22,YASUDA7,88,スマスロ炎炎ノ消防隊2,6639,5509,52,18,,94.8,127.7,368.8,,5564,-1036,1618,175
2026-08-22,YASUDA7,89,スマスロ炎炎ノ消防隊2,6245,773,38,15,,117.8,164.3,416.3,,3073,-445,2309,176
2026-08-22,YASUDA7,90,スマスロ炎炎ノ消防隊2,5452,427,30,15,,121.2,181.7,363.5,,2382,-773,3155,176
2026-08-22,YASUDA7,91,革命機ヴァルヴレイヴ2,407,-268,1,0,,407.0,407.0,,,0,-273,273,176
2026-08-22,YASUDA7,92,革命機ヴァルヴレイヴ2,7154,-300,54,3,,125.5,132.5,2384.7,,1482,-2000,2518,176
2026-08-22,YASUDA7,93,革命機ヴァルヴレイヴ2,1432,-41,11,1,,119.3,130.2,1432.0,,468,-277,513,176
2026-08-22,YASUDA7,94,革命機ヴァルヴレイヴ2,1507,-1441,4,2,,251.2,376.8,753.5,,0,-1445,1445,176
2026-08-22,YASUDA7,95,革命機ヴァルヴレイヴ2,2184,-164,15,1,,136.5,145.6,2184.0,,145,-464,609,176
2026-08-22,YASUDA7,96,革命機ヴァルヴレイヴ2,5938,-3239,32,6,,156.3,185.6,989.7,,-9,-3862,3853,176
2026-08-22,YASUDA7,97,革命機ヴァルヴレイヴ2,2537,-2853,2,2,,634.2,1268.5,1268.5,,-9,-3174,3165,176
2026-08-22,YASUDA7,98,革命機ヴァルヴレイヴ2,3740,-3404,16,3,,196.8,233.8,1246.7,,-9,-3413,3404,176
2026-08-22,YASUDA7,99,革命機ヴァルヴレイヴ2,6439,8136,96,3,,65.0,67.1,2146.3,,10318,-1500,2500,175
2026-08-22,YASUDA7,100,革命機ヴァルヴレイヴ2,6610,4564,79,5,,78.7,83.7,1322.0,,5836,-891,2491,175
2026-08-22,YASUDA7,101,革命機ヴァルヴレイヴ2,3374,-720,23,1,,140.6,146.7,3374.0,,0,-2069,2069,176
2026-08-22,YASUDA7,102,革命機ヴァルヴレイヴ2,6838,2627,75,3,,87.7,91.2,2279.3,,2618,-2791,4309,176
2026-08-22,YASUDA7,103,革命機ヴァルヴレイヴ2,4043,-2782,17,5,,183.8,237.8,808.6,,273,-2791,3064,176
2026-08-22,YASUDA7,104,革命機ヴァルヴレイヴ2,7111,-2037,51,7,,122.6,139.4,1015.9,,3064,-2055,5119,176
2026-08-22,YASUDA7,105,からくりサーカス2,1242,-1821,2,2,,310.5,621.0,621.0,,-5,-1826,1821,176
2026-08-22,YASUDA7,106,からくりサーカス2,1453,-1177,10,5,,96.9,145.3,290.6,,0,-1200,1200,176
2026-08-22,YASUDA7,107,からくりサーカス2,807,845,15,3,,44.8,53.8,269.0,,841,-268,723,176
2026-08-22,YASUDA7,108,からくりサーカス2,1602,-1472,8,4,,133.5,200.2,400.5,,5,-1706,1711,176
2026-08-22,YASUDA7,109,からくりサーカス2,720,-936,1,1,,360.0,720.0,720.0,,0,-941,941,176
2026-08-22,YASUDA7,110,からくりサーカス2,3344,-2973,17,5,,152.0,196.7,668.8,,555,-2973,3528,176
2026-08-22,YASUDA7,111,ソードアート・オンラインII,6811,1927,49,0,,139.0,139.0,,,5200,-1745,3291,175
2026-08-22,YASUDA7,112,ソードアート・オンラインII,7652,-2229,66,0,,115.9,115.9,,,0,-4376,4376,176
2026-08-22,YASUDA7,113,ソードアート・オンラインII,6260,3596,47,0,,133.2,133.2,,,4826,-2807,2789,176
2026-08-22,YASUDA7,114,ソードアート・オンラインII,6910,-3873,54,0,,128.0,128.0,,,0,-5091,5091,176
2026-08-22,YASUDA7,115,ソードアート・オンラインII,7200,1651,66,0,,109.1,109.1,,,2606,-3872,3854,176
2026-08-22,YASUDA7,116,ソードアート・オンラインII,7510,-4376,59,0,,127.3,127.3,,,0,-4459,4459,176
2026-08-22,YASUDA7,117,ワールドダイスター,9088,-6936,22,50,,126.2,413.1,181.8,,-18,-7156,7138,176
2026-08-22,YASUDA7,118,ワールドダイスター,8556,1509,20,55,,114.1,427.8,155.6,,4800,-1436,3309,175
2026-08-22,YASUDA7,119,東京喰種,2742,-3349,5,10,,182.8,548.4,274.2,,-9,-3358,3349,176
2026-08-22,YASUDA7,120,東京喰種,3744,3422,37,16,,70.6,101.2,234.0,,3413,-1257,1514,176
2026-08-22,YASUDA7,121,東京喰種,3304,-2882,13,13,,127.1,254.2,254.2,,0,-2891,2891,176
2026-08-22,YASUDA7,122,東京喰種,4482,-3101,23,21,,101.9,194.9,213.4,,-9,-3789,3780,176
2026-08-22,YASUDA7,123,東京喰種,1738,-688,11,7,,96.6,158.0,248.3,,-5,-1702,1697,176
2026-08-22,YASUDA7,124,東京喰種,3619,1236,25,13,,95.2,144.8,278.4,,1236,-4182,4182,176
2026-08-22,YASUDA7,125,東京喰種,3075,-2509,12,15,,113.9,256.2,205.0,,0,-2518,2518,176
2026-08-22,YASUDA7,126,東京喰種,2086,-1748,9,7,,130.4,231.8,298.0,,-5,-1752,1747,176
2026-08-22,YASUDA7,127,東京喰種,3176,-3037,10,11,,151.2,317.6,288.7,,-9,-3046,3037,176
2026-08-22,YASUDA7,128,東京喰種,1804,-2266,3,5,,225.5,601.3,360.8,,0,-2271,2271,176
2026-08-22,YASUDA7,129,東京喰種,2908,-3119,9,14,,126.4,323.1,207.7,,-9,-3128,3119,176
2026-08-22,YASUDA7,130,東京喰種,2811,-2032,15,10,,112.4,187.4,281.1,,0,-2156,2156,176
2026-08-22,YASUDA7,131,東京喰種,2267,-2032,9,9,,125.9,251.9,251.9,,0,-2046,2046,176
2026-08-22,YASUDA7,132,かぐや様は告らせたい,1868,-1168,6,1,,266.9,311.3,1868.0,,0,-1300,1300,176
2026-08-22,YASUDA7,133,かぐや様は告らせたい,3115,-2873,7,3,,311.5,445.0,1038.3,,0,-2882,2882,176
2026-08-22,YASUDA7,134,かぐや様は告らせたい,850,-14,4,2,,141.7,212.5,425.0,,132,-441,441,176
2026-08-22,YASUDA7,135,かぐや様は告らせたい,1710,-1940,3,1,,427.5,570.0,1710.0,,-5,-1945,1940,176
2026-08-22,YASUDA7,136,からくりサーカス,2308,-2147,13,8,,109.9,177.5,288.5,,0,-2151,2151,176
2026-08-22,YASUDA7,137,からくりサーカス,553,-818,0,1,,553.0,,553.0,,0,-823,823,176
2026-08-22,YASUDA7,138,からくりサーカス,544,-595,2,1,,181.3,272.0,544.0,,0,-600,600,176
2026-08-22,YASUDA7,139,革命機ヴァルヴレイヴ,2305,2073,24,4,,82.3,96.0,576.2,,2064,-1028,1248,176
2026-08-22,YASUDA7,140,革命機ヴァルヴレイヴ,1215,-745,4,2,,202.5,303.8,607.5,,0,-782,782,176
2026-08-22,YASUDA7,141,革命機ヴァルヴレイヴ,2338,-964,7,3,,233.8,334.0,779.3,,0,-1305,1305,176
2026-08-22,YASUDA7,142,ToLOVEるダークネス TRANCE ver.8.7,1898,-1482,9,6,,126.5,210.9,316.3,,-5,-1963,1958,176
2026-08-22,YASUDA7,143,ToLOVEるダークネス TRANCE ver.8.7,1431,-468,8,5,,110.1,178.9,286.2,,0,-1355,1355,176
2026-08-22,YASUDA7,144,ToLOVEるダークネス TRANCE ver.8.7,5486,12523,61,21,,66.9,89.9,261.2,,13028,46,1239,164
2026-08-22,YASUDA7,145,ビッグドリーム THE GOLDEN PUSHER,2965,-3550,12,8,,148.2,247.1,370.6,,-9,-3807,3798,176
2026-08-22,YASUDA7,146,ビッグドリーム THE GOLDEN PUSHER,5,0,0,0,,,,,,0,0,0,1
2026-08-22,YASUDA7,147,ビッグドリーム THE GOLDEN PUSHER,970,-845,6,2,,121.2,161.7,485.0,,114,-850,964,176
2026-08-22,YASUDA7,148,真打 吉宗,1341,5455,52,2,,24.8,25.8,670.5,,5600,-436,600,175
2026-08-22,YASUDA7,149,真打 吉宗,1048,-764,8,5,,80.6,131.0,209.6,,0,-768,768,176
2026-08-22,YASUDA7,150,真打 吉宗,1299,2661,32,6,,34.2,40.6,216.5,,2651,-1404,1395,176
2026-08-22,YASUDA7,151,真打 吉宗,2770,4891,66,9,,36.9,42.0,307.8,,5091,-1818,1818,175
2026-08-22,YASUDA7,152,真打 吉宗,1345,2936,33,1,,39.6,40.8,1345.0,,3491,-509,564,176
2026-08-22,YASUDA7,153,やじきた道中記参る！,2923,-1867,7,21,,104.4,417.6,139.2,,0,-2298,2298,176
2026-08-22,YASUDA7,154,やじきた道中記参る！,3571,868,12,17,,123.1,297.6,210.1,,914,-936,950,176
2026-08-22,YASUDA7,155,やじきた道中記参る！,3486,5091,16,25,,85.0,217.9,139.4,,6073,-1218,1218,175
2026-08-22,YASUDA7,156,やじきた道中記参る！,1791,-1615,5,13,,99.5,358.2,137.8,,-5,-1619,1614,176
2026-08-22,YASUDA7,157,やじきた道中記参る！,4277,-2399,6,18,,178.2,712.8,237.6,,0,-2404,2404,176
2026-08-22,YASUDA7,158,やじきた道中記参る！,5166,-4037,7,27,,151.9,738.0,191.3,,0,-4046,4046,176
2026-08-22,YASUDA7,159,シャーマンキング,439,-500,1,2,,146.3,439.0,219.5,,0,-505,505,176
2026-08-22,YASUDA7,160,シャーマンキング,2938,-1355,8,17,,117.5,367.2,172.8,,886,-1418,2304,176
2026-08-22,YASUDA7,161,シャーマンキング,1841,-1055,10,9,,96.9,184.1,204.6,,0,-1059,1059,176
2026-08-22,YASUDA7,162,シャーマンキング,2926,-4000,6,4,,292.6,487.7,731.5,,-9,-4009,4000,176
2026-08-22,YASUDA7,163,シャーマンキング,599,109,2,6,,74.9,299.5,99.8,,105,-536,536,176
2026-08-22,YASUDA7,164,ゴッドイーター リザレクション,1758,386,24,6,,58.6,73.2,293.0,,545,-332,605,176
2026-08-22,YASUDA7,165,ゴッドイーター リザレクション,1362,741,22,4,,52.4,61.9,340.5,,1245,-1009,1009,176
2026-08-22,YASUDA7,166,ゴッドイーター リザレクション,4556,4734,84,16,,45.6,54.2,284.8,,4936,9,1899,168
2026-08-22,YASUDA7,167,ゴッドイーター リザレクション,1145,-864,9,4,,88.1,127.2,286.2,,0,-964,964,176
2026-08-22,YASUDA7,168,ゴッドイーター リザレクション,1795,1119,26,5,,57.9,69.0,359.0,,3330,9,2220,137
2026-08-22,YASUDA7,169,ゴッドイーター リザレクション,4133,-3936,27,8,,118.1,153.1,516.6,,128,-4349,4477,176
2026-08-22,YASUDA7,170,ゴッドイーター リザレクション,3556,-2573,26,7,,107.8,136.8,508.0,,0,-2582,2582,176
2026-08-22,YASUDA7,254,スマスロ炎炎ノ消防隊,1494,-495,8,3,,135.8,186.8,498.0,,0,-1064,1064,176
2026-08-22,YASUDA7,255,スマスロ炎炎ノ消防隊,2552,-1931,5,7,,212.7,510.4,364.6,,-5,-1936,1931,176
2026-08-22,YASUDA7,256,スマスロ炎炎ノ消防隊,4338,8473,68,9,,56.3,63.8,482.0,,8455,-145,690,175
2026-08-22,YASUDA7,257,アズールレーン THE ANIMATION,2675,127,39,14,,50.5,68.6,191.1,,1218,-9,1177,176
2026-08-22,YASUDA7,258,アズールレーン THE ANIMATION,4532,-4436,26,19,,100.7,174.3,238.5,,0,-5727,5727,176
2026-08-22,YASUDA7,259,アズールレーン THE ANIMATION,4150,-2743,34,20,,76.9,122.1,207.5,,0,-4606,4606,176
2026-08-22,YASUDA7,260,モンスターハンターライズ,4808,-1450,51,23,,65.0,94.3,209.0,,147,-1587,1734,176
2026-08-22,YASUDA7,261,モンスターハンターライズ,2392,1743,42,7,,48.8,57.0,341.7,,1739,-693,1762,176
2026-08-22,YASUDA7,262,モンスターハンターライズ,4282,818,61,18,,54.2,70.2,237.9,,2673,-945,1937,176
2026-08-22,YASUDA7,263,モンスターハンターライズ,2488,1537,38,6,,56.5,65.5,414.7,,2344,5,2170,167
2026-08-22,YASUDA7,264,モンスターハンターライズ,3880,7200,88,20,,35.9,44.1,194.0,,7182,-491,672,175
2026-08-22,YASUDA7,265,スーパーリオエース2,3082,-2555,14,9,,134.0,220.1,342.4,,0,-2564,2564,176
2026-08-22,YASUDA7,266,スーパーリオエース2,8332,-5018,50,25,,111.1,166.6,333.3,,309,-5036,5345,176
2026-08-22,YASUDA7,267,スーパーリオエース2,1559,-1277,10,7,,91.7,155.9,222.7,,245,-1282,1527,176
2026-08-22,YASUDA7,268,スーパーブラックジャック,2285,-1300,20,2,,103.9,114.2,1142.5,,159,-1305,1464,176
2026-08-22,YASUDA7,269,スーパーブラックジャック,3228,468,40,6,,70.2,80.7,538.0,,605,-882,1087,176
2026-08-22,YASUDA7,270,スーパーブラックジャック,3292,5345,80,4,,39.2,41.1,823.0,,5655,-600,1018,175
2026-08-22,YASUDA7,271,無職転生 ～異世界行ったら本気だす～,2197,390,30,10,,54.9,73.2,219.7,,385,-1963,1958,176
2026-08-22,YASUDA7,272,無職転生 ～異世界行ったら本気だす～,4024,936,60,20,,50.3,67.1,201.2,,927,-2173,2173,176
2026-08-22,YASUDA7,273,無職転生 ～異世界行ったら本気だす～,3374,2491,63,21,,40.2,53.6,160.7,,2764,-9,1500,176
2026-08-22,YASUDA7,274,バイオハザード RE:3,1508,5655,39,50,,16.9,38.7,30.2,,6036,-709,709,175
2026-08-22,YASUDA7,275,バイオハザード RE:3,2721,55,29,42,,38.3,93.8,64.8,,2745,-455,2700,176
2026-08-22,YASUDA7,276,バイオハザード RE:3,1716,-2151,5,11,,107.2,343.2,156.0,,0,-2156,2156,176
2026-08-22,YASUDA7,277,鉄拳6,3839,8382,32,57,,43.1,120.0,67.4,,8364,-1782,1891,175
2026-08-22,YASUDA7,278,鉄拳6,1709,5145,12,28,,42.7,142.4,61.0,,6200,-1164,1164,175
2026-08-22,YASUDA7,279,鉄拳6,1129,6527,15,38,,21.3,75.3,29.7,,6509,-327,746,175
2026-08-22,YASUDA7,280,少女☆歌劇 レヴュースタァライト ‐The SLOT‐,2799,-1023,14,12,,107.7,199.9,233.2,,473,-1027,1500,176
2026-08-22,YASUDA7,281,少女☆歌劇 レヴュースタァライト ‐The SLOT‐,2119,186,10,18,,75.7,211.9,117.7,,291,-755,755,176
2026-08-22,YASUDA7,282,少女☆歌劇 レヴュースタァライト ‐The SLOT‐,947,318,4,10,,67.6,236.8,94.7,,327,-536,536,176
2026-08-22,YASUDA7,283,東京リベンジャーズ,2965,-1725,8,4,,247.1,370.6,741.2,,-5,-1904,1899,176
2026-08-22,YASUDA7,284,東京リベンジャーズ,776,-209,2,1,,258.7,388.0,776.0,,0,-405,405,176
2026-08-22,YASUDA7,285,東京リベンジャーズ,1004,409,6,2,,125.5,167.3,502.0,,405,-250,250,176
2026-08-22,YASUDA7,286,東京リベンジャーズ,2304,345,8,2,,230.4,288.0,1152.0,,341,-1250,1250,176
2026-08-22,YASUDA7,287,東京リベンジャーズ,2556,582,14,3,,150.4,182.6,852.0,,577,-232,437,176
2026-08-22,YASUDA7,288,虚構推理,5057,2936,58,17,,67.4,87.2,297.5,,4127,-527,1436,176
2026-08-22,YASUDA7,289,虚構推理,4186,472,38,16,,77.5,110.2,261.6,,1720,-876,1252,176
2026-08-22,YASUDA7,290,虚構推理,3843,5055,56,13,,55.7,68.6,295.6,,5655,-455,710,175
2026-08-22,YASUDA7,291,とある魔術の禁書目録2,6559,-3376,30,34,,102.5,218.6,192.9,,-9,-3670,3661,176
2026-08-22,YASUDA7,292,とある魔術の禁書目録2,5164,-2636,28,23,,101.3,184.4,224.5,,745,-2791,3536,176
2026-08-22,YASUDA7,293,とある魔術の禁書目録2,4975,-4909,18,15,,150.8,276.4,331.7,,0,-5255,5255,176
2026-08-22,YASUDA7,294,A‐SLOT+ 異世界かるてっと,4001,-795,15,22,,108.1,266.7,181.9,,595,-800,1395,176
2026-08-22,YASUDA7,295,A‐SLOT+ 異世界かるてっと,2091,-555,12,4,,130.7,174.2,522.8,,195,-559,754,176
2026-08-22,YASUDA7,296,A‐SLOT+ 異世界かるてっと,1226,-659,4,4,,153.2,306.5,306.5,,114,-664,778,176
2026-08-22,YASUDA7,297,タクトオーパス デスティニー,2621,-273,15,12,,97.1,174.7,218.4,,0,-909,909,176
2026-08-22,YASUDA7,298,タクトオーパス デスティニー,115,5,1,1,,57.5,115.0,115.0,,0,-150,150,176
2026-08-22,YASUDA7,299,タクトオーパス デスティニー,2269,-1725,9,10,,119.4,252.1,226.9,,-5,-1729,1724,176
2026-08-22,YASUDA7,300,戦国乙女4 戦乱に閃く炯眼の軍師,5207,10591,32,32,,81.4,162.7,162.7,,10636,-455,455,175
2026-08-22,YASUDA7,301,戦国乙女4 戦乱に閃く炯眼の軍師,1195,-350,4,4,,149.4,298.8,298.8,,427,-355,782,176
2026-08-22,YASUDA7,302,戦国乙女4 戦乱に閃く炯眼の軍師,2321,-1000,10,6,,145.1,232.1,386.8,,745,-1005,1750,176
2026-08-22,YASUDA7,303,プリズムナナ,899,1845,18,5,,39.1,49.9,179.8,,2600,-236,764,176
2026-08-22,YASUDA7,304,プリズムナナ,336,-214,1,1,,168.0,336.0,336.0,,0,-250,250,176
2026-08-22,YASUDA7,305,プリズムナナ,1919,-1168,9,6,,127.9,213.2,319.8,,86,-1173,1259,176
2026-08-22,YASUDA7,306,マクロスフロンティア4,1373,-1683,2,1,,457.7,686.5,1373.0,,-5,-1725,1720,176
2026-08-22,YASUDA7,307,L麻雀物語,1971,-645,7,3,,197.1,281.6,657.0,,0,-1282,1282,176
2026-08-22,YASUDA7,308,回胴黙示録カイジ 狂宴,907,-541,3,1,,226.8,302.3,907.0,,0,-682,682,176
2026-08-22,YASUDA7,309,戦姫絶唱シンフォギア 正義の歌,2101,-1155,26,8,,61.8,80.8,262.6,,227,-1168,1395,176
2026-08-22,YASUDA7,310,とある科学の超電磁砲2,940,-1332,1,0,,940.0,940.0,,,0,-1336,1336,176
2026-08-22,YASUDA7,311,七つの魔剣が支配する,1344,168,26,8,,39.5,51.7,168.0,,164,-873,873,176
2026-08-22,YASUDA7,312,ギルティクラウン2,1091,486,5,15,,54.5,218.2,72.7,,482,-923,923,176
2026-08-22,YASUDA7,313,デビル メイ クライ5 スタイリッシュトライブ,1054,-177,7,3,,105.4,150.6,351.3,,195,-495,495,176
2026-08-22,YASUDA7,314,とんでもスキルで異世界放浪メシ,2828,-1560,42,7,,57.7,67.3,404.0,,913,-1564,2477,176
2026-08-22,YASUDA7,315,ドッチ,4776,6128,60,9,,69.2,79.6,530.7,,8312,18,2202,165
2026-08-22,YASUDA7,316,ToLOVEるダークネス,2698,5009,29,10,,69.2,93.0,269.8,,4991,-3119,3101,176
2026-08-22,YASUDA7,317,頭文字D 2nd,2724,-1982,19,2,,129.7,143.4,1362.0,,0,-2239,2239,176
2026-08-22,YASUDA7,318,ダーリン・イン・ザ・フランキス,1245,1559,19,6,,49.8,65.5,207.5,,1555,-118,363,178
2026-08-22,YASUDA7,319,ソードアート・オンライン,3909,3927,67,18,,46.0,58.3,217.2,,4373,-173,537,176
2026-08-22,YASUDA7,320,新鬼武者3,2955,4127,64,20,,35.2,46.2,147.8,,4118,-527,1009,176
2026-08-22,YASUDA7,321,スマスロ秘宝伝,369,-200,1,2,,123.0,369.0,184.5,,0,-205,205,176
2026-08-22,YASUDA7,322,ゾンビランドサガ,1896,-905,17,3,,94.8,111.5,632.0,,664,-909,1573,176
2026-08-22,YASUDA7,323,痛いのは嫌なので防御力に極振りしたいと思います。,3080,1895,22,16,,81.1,140.0,192.5,,1891,-432,600,178
2026-08-22,YASUDA7,324,痛いのは嫌なので防御力に極振りしたいと思います。,3042,745,18,13,,98.1,169.0,234.0,,1236,-595,595,176
2026-08-22,YASUDA7,325,痛いのは嫌なので防御力に極振りしたいと思います。,2508,-555,11,9,,125.4,228.0,278.7,,114,-1064,1064,176
2026-08-22,YASUDA7,326,不二子BT,1027,-55,7,2,,114.1,146.7,513.5,,250,-59,309,176
2026-08-22,YASUDA7,327,不二子BT,1927,368,18,3,,91.8,107.1,642.3,,955,-418,591,176
2026-08-22,YASUDA7,328,不二子BT,1107,-309,8,1,,123.0,138.4,1107.0,,273,-314,587,176
2026-08-22,YASUDA7,329,喰霊‐零‐Re,7827,-1417,33,18,,153.5,237.2,434.8,,326,-2353,2679,176
2026-08-22,YASUDA7,330,喰霊‐零‐Re,9143,5618,44,12,,163.3,207.8,761.9,,5600,-455,1018,175
2026-08-22,YASUDA7,331,喰霊‐零‐Re,7899,-298,43,30,,108.2,183.7,263.3,,248,-1775,2023,176
2026-08-22,YASUDA7,332,うみねこのなく頃に2,957,-186,1,3,,239.2,957.0,319.0,,0,-391,391,176
2026-08-22,YASUDA7,333,うみねこのなく頃に2,5699,314,11,16,,211.1,518.1,356.2,,409,-245,586,176
2026-08-22,YASUDA7,334,うみねこのなく頃に2,6112,2266,25,14,,156.7,244.5,436.6,,2413,5,363,168
2026-08-22,YASUDA7,335,うみねこのなく頃に2,5109,-1472,10,13,,222.1,510.9,393.0,,0,-2142,2142,176
2026-08-22,YASUDA7,336,うみねこのなく頃に2,4874,-1350,9,10,,256.5,541.6,487.4,,455,-1459,1914,176
2026-08-22,YASUDA7,337,うみねこのなく頃に2,7449,-1748,14,18,,232.8,532.1,413.8,,133,-1752,1885,176
2026-08-22,YASUDA7,338,うみねこのなく頃に2,5751,-609,16,10,,221.2,359.4,575.1,,0,-1268,1268,176
